index,class,truth,prediction,scratch_fraction,geometry_damage,latency_ms,plc_sequence,reject_delay_ms
340,normal,PASS,PASS,0.0019155649038461538,False,12.374168000008012,1,1500.0
341,scratch,REJECT,REJECT,0.006234975961538462,False,11.96160800003554,2,1500.0
342,edge_damage,REJECT,REJECT,0.0030611478365384615,False,12.26506400001881,3,1500.0
343,corner_damage,REJECT,REJECT,0.0025540865384615385,False,12.855841000032342,4,1500.0
344,mixed,REJECT,REJECT,0.0032865084134615385,False,13.38782599998467,5,1500.0
345,normal,PASS,PASS,0.0018967848557692308,False,12.165978000041378,6,1500.0
346,scratch,REJECT,PASS,0.001934344951923077,False,11.687511999980416,7,1500.0
347,edge_damage,REJECT,REJECT,0.004864032451923077,False,12.381918000016867,8,1500.0
348,corner_damage,REJECT,REJECT,0.004676231971153846,False,31.832302999987405,9,1500.0
349,mixed,REJECT,REJECT,0.004788912259615385,False,13.834615000007489,10,1500.0
350,normal,PASS,PASS,0.0019155649038461538,False,11.881360000018049,11,1500.0
351,scratch,REJECT,REJECT,0.0037935697115384615,False,11.770828999999594,12,1500.0
352,edge_damage,REJECT,REJECT,0.0037372295673076925,False,11.990442000012536,13,1500.0
353,corner_damage,REJECT,REJECT,0.0034930889423076925,False,34.02131900003269,14,1500.0
354,mixed,REJECT,REJECT,0.0030235877403846155,False,11.606172999961473,15,1500.0
355,normal,PASS,PASS,0.0018967848557692308,False,11.85147399996822,16,1500.0
356,scratch,REJECT,PASS,0.0018967848557692308,False,12.226492999957372,17,1500.0
357,edge_damage,REJECT,REJECT,0.00390625,False,11.712940999984767,18,1500.0
358,corner_damage,REJECT,REJECT,0.004676231971153846,False,35.45302599997058,19,1500.0
359,mixed,REJECT,REJECT,0.009051983173076924,False,13.088884000012513,20,1500.0
360,normal,PASS,PASS,0.0019155649038461538,False,11.65921699998762,21,1500.0
361,scratch,REJECT,PASS,0.0019155649038461538,False,12.580391999961194,22,1500.0
362,edge_damage,REJECT,REJECT,0.003680889423076923,False,14.349657000025218,23,1500.0
363,corner_damage,REJECT,REJECT,0.0025916466346153845,False,13.13034599996854,24,1500.0
364,mixed,REJECT,REJECT,0.003117487980769231,False,30.67988600002991,25,1500.0
365,normal,PASS,PASS,0.0019155649038461538,False,13.796608000006927,26,1500.0
366,scratch,REJECT,REJECT,0.004469651442307692,False,11.20680200000379,27,1500.0
367,edge_damage,REJECT,REJECT,0.004525991586538462,False,12.582203000022218,28,1500.0
368,corner_damage,REJECT,REJECT,0.003605769230769231,False,12.262012999997296,29,1500.0
369,mixed,REJECT,REJECT,0.004488431490384615,False,31.52379400000882,30,1500.0
370,normal,PASS,PASS,0.0018967848557692308,False,16.49016499999334,31,1500.0
371,scratch,REJECT,REJECT,0.002460186298076923,False,12.374053999963053,32,1500.0
372,edge_damage,REJECT,REJECT,0.0030799278846153845,False,12.276675999999043,33,1500.0
373,corner_damage,REJECT,REJECT,0.004056490384615385,False,13.32138599997279,34,1500.0
374,mixed,REJECT,REJECT,0.0038311298076923075,False,36.152700999991794,35,1500.0
375,normal,PASS,PASS,0.0018967848557692308,False,13.81645000003573,36,1500.0
376,scratch,REJECT,PASS,0.0018967848557692308,False,12.641981999991003,37,1500.0
377,edge_damage,REJECT,REJECT,0.004957932692307692,False,12.20590700000912,38,1500.0
378,corner_damage,REJECT,REJECT,0.003943810096153846,False,23.30001499996115,39,1500.0
379,mixed,REJECT,REJECT,0.007605919471153846,False,28.03270099997235,40,1500.0
380,normal,PASS,PASS,0.0018780048076923077,False,12.036221000016667,41,1500.0
381,scratch,REJECT,PASS,0.0019155649038461538,False,12.366151000037462,42,1500.0
382,edge_damage,REJECT,REJECT,0.003662109375,False,12.616422000007788,43,1500.0
383,corner_damage,REJECT,REJECT,0.0037747896634615385,False,11.83909600001698,44,1500.0
384,mixed,REJECT,REJECT,0.0030235877403846155,False,35.771001000000524,45,1500.0
385,normal,PASS,PASS,0.0018967848557692308,False,11.846304000016517,46,1500.0
386,scratch,REJECT,REJECT,0.0029296875,False,11.890233999963584,47,1500.0
387,edge_damage,REJECT,REJECT,0.005765474759615385,False,11.773026000014397,48,1500.0
388,corner_damage,REJECT,REJECT,0.003117487980769231,False,52.00694399997019,49,1500.0
389,mixed,REJECT,REJECT,0.004770132211538462,False,11.108750999994754,50,1500.0
390,normal,PASS,PASS,0.0019155649038461538,False,11.689998999997897,51,1500.0
391,scratch,REJECT,REJECT,0.0033052884615384615,False,11.84644200003504,52,1500.0
392,edge_damage,REJECT,REJECT,0.0030423677884615385,False,12.599534000003132,53,1500.0
393,corner_damage,REJECT,REJECT,0.004094050480769231,False,11.186728000041057,54,1500.0
394,mixed,REJECT,REJECT,0.009258563701923076,False,34.961121999970146,55,1500.0
395,normal,PASS,PASS,0.0019155649038461538,False,13.444182999990062,56,1500.0
396,scratch,REJECT,PASS,0.0019155649038461538,False,12.90376299999707,57,1500.0
397,edge_damage,REJECT,REJECT,0.005577674278846154,False,11.756402000003163,58,1500.0
398,corner_damage,REJECT,REJECT,0.002647986778846154,False,11.797097999988182,59,1500.0
399,mixed,REJECT,REJECT,0.004901592548076923,False,30.845976000023256,60,1500.0
